id,site_id,name,url,db_created_on,db_updated_on
212,1019,Tor,http://dreadditevelidot.onion/d/Tor,2020-12-19 20:09:12.398677,2020-12-19 20:09:12.398677
91,1019,cryptomining,http://dreadditevelidot.onion/d/cryptomining,2020-12-19 20:09:05.216458,2020-12-19 20:09:05.216458
94,1019,CannabisCollective,http://dreadditevelidot.onion/d/CannabisCollective,2020-12-19 20:09:05.460266,2020-12-19 20:09:05.460266
100,1019,DNMSourcing,http://dreadditevelidot.onion/d/DNMSourcing?p=71,2020-12-19 20:09:05.654273,2020-12-19 20:09:05.654273
9,1019,murderhomelesspeople,http://dreadditevelidot.onion/d/murderhomelesspeople,2020-12-19 20:09:05.735205,2020-12-19 20:09:05.735205
14,1019,DarkDotFail,http://dreadditevelidot.onion/d/DarkDotFail,2020-12-19 20:09:05.834995,2020-12-19 20:09:05.834995
171,1019,LawEnforcement,http://dreadditevelidot.onion/d/LawEnforcement,2020-12-19 20:09:05.867643,2020-12-19 20:09:05.867643
105,1019,NovelDissos,http://dreadditevelidot.onion/d/NovelDissos,2020-12-19 20:09:05.871507,2020-12-19 20:09:05.871507
395,1019,XTC,http://dreadditevelidot.onion/d/XTC,2020-12-19 20:09:06.328361,2020-12-19 20:09:06.328361
23,1019,GrowCannabis,http://dreadditevelidot.onion/d/GrowCannabis?p=2,2020-12-19 20:09:06.424999,2020-12-19 20:09:06.424999
21,1019,fraud,http://dreadditevelidot.onion/d/fraud?p=159,2020-12-19 20:09:06.549922,2020-12-19 20:09:06.549922
172,1019,BugBounty,http://dreadditevelidot.onion/d/BugBounty,2020-12-19 20:09:06.5538,2020-12-19 20:09:06.5538
30,1019,CodeineCowboys,http://dreadditevelidot.onion/d/CodeineCowboys?page=2,2020-12-19 20:09:06.905756,2020-12-19 20:09:06.905756
175,1019,Masterlist,http://dreadditevelidot.onion/d/Masterlist,2020-12-19 20:09:06.917582,2020-12-19 20:09:06.917582
267,1019,zeronet,http://dreadditevelidot.onion/d/zeronet,2020-12-19 20:09:12.45387,2020-12-19 20:09:12.45387
28,1019,DarkNetMarketsNO,http://dreadditevelidot.onion/d/DarkNetMarketsNO?p=16,2020-12-19 20:09:07.006176,2020-12-19 20:09:07.006176
156,1019,Videos,http://dreadditevelidot.onion/d/Videos,2020-12-19 20:09:12.018463,2020-12-19 20:09:12.018463
178,1019,Theft,http://dreadditevelidot.onion/d/Theft,2020-12-19 20:09:08.032541,2020-12-19 20:09:08.032541
195,1019,BTC,http://dreadditevelidot.onion/d/BTC?p=2,2020-12-19 20:09:15.490797,2020-12-19 20:09:15.490797
362,1019,DankReviewz,http://dreadditevelidot.onion/d/DankReviewz,2020-12-19 20:09:08.255431,2020-12-19 20:09:08.255431
244,1019,mxe,http://dreadditevelidot.onion/d/mxe,2020-12-19 20:09:12.605844,2020-12-19 20:09:12.605844
361,1019,USAConnect,http://dreadditevelidot.onion/d/USAConnect?p=5,2020-12-19 20:09:08.259804,2020-12-19 20:09:08.259804
179,1019,I2P,http://dreadditevelidot.onion/d/I2P,2020-12-19 20:09:18.123249,2020-12-19 20:09:18.123249
42,1019,DarkMarketsBrasil,http://dreadditevelidot.onion/d/DarkMarketsBrasil?page=32,2020-12-19 20:09:08.492195,2020-12-19 20:09:08.492195
180,1019,DarkNetMarketBusts,http://dreadditevelidot.onion/d/DarkNetMarketBusts?p=4,2020-12-19 20:09:08.59351,2020-12-19 20:09:08.59351
62,1019,Hashish,http://dreadditevelidot.onion/d/Hashish?p=2,2020-12-19 20:09:08.710969,2020-12-19 20:09:08.710969
43,1019,DNMBrasil,http://dreadditevelidot.onion/d/DNMBrasil,2020-12-19 20:09:08.719296,2020-12-19 20:09:08.719296
59,1019,OpenBazaar,http://dreadditevelidot.onion/d/OpenBazaar?p=6,2020-12-19 20:09:08.72325,2020-12-19 20:09:08.72325
45,1019,DeutschClub,http://dreadditevelidot.onion/d/DeutschClub?page=10,2020-12-19 20:09:09.042758,2020-12-19 20:09:09.042758
242,1019,XannyFamily,http://dreadditevelidot.onion/d/XannyFamily,2020-12-19 20:09:09.046736,2020-12-19 20:09:09.046736
247,1019,hardwareinfosec,http://dreadditevelidot.onion/d/hardwareinfosec,2020-12-19 20:09:09.050991,2020-12-19 20:09:09.050991
248,1019,DreamMarketScam,http://dreadditevelidot.onion/d/DreamMarketScam,2020-12-19 20:09:09.054897,2020-12-19 20:09:09.054897
367,1019,DNMGreece,http://dreadditevelidot.onion/d/DNMGreece,2020-12-19 20:09:09.347002,2020-12-19 20:09:09.347002
366,1019,TheCardersBay,http://dreadditevelidot.onion/d/TheCardersBay,2020-12-19 20:09:09.35518,2020-12-19 20:09:09.35518
368,1019,Legal,http://dreadditevelidot.onion/d/Legal,2020-12-19 20:09:09.403424,2020-12-19 20:09:09.403424
249,1019,HeinekenExpress,http://dreadditevelidot.onion/d/HeinekenExpress?p=9,2020-12-19 20:09:09.411647,2020-12-19 20:09:09.411647
250,1019,SafeOrScam,http://dreadditevelidot.onion/d/SafeOrScam,2020-12-19 20:09:09.524427,2020-12-19 20:09:09.524427
74,1019,Shrooms,http://dreadditevelidot.onion/d/Shrooms?p=2,2020-12-19 20:09:09.528424,2020-12-19 20:09:09.528424
251,1019,Gambling,http://dreadditevelidot.onion/d/Gambling,2020-12-19 20:09:09.536186,2020-12-19 20:09:09.536186
369,1019,DankVault,http://dreadditevelidot.onion/d/DankVault,2020-12-19 20:09:09.817025,2020-12-19 20:09:09.817025
252,1019,EOLShrooms,http://dreadditevelidot.onion/d/EOLShrooms,2020-12-19 20:09:09.907262,2020-12-19 20:09:09.907262
47,1019,Laundromat,http://dreadditevelidot.onion/d/Laundromat?page=7,2020-12-19 20:09:09.980797,2020-12-19 20:09:09.980797
86,1019,DarknetPortugal,http://dreadditevelidot.onion/d/DarknetPortugal,2020-12-19 20:09:09.996275,2020-12-19 20:09:09.996275
90,1019,aerospace,http://dreadditevelidot.onion/d/aerospace,2020-12-19 20:09:10.218804,2020-12-19 20:09:10.218804
370,1019,MDMAConnosoursClub,http://dreadditevelidot.onion/d/MDMAConnosoursClub,2020-12-19 20:09:10.226477,2020-12-19 20:09:10.226477
371,1019,HashHQ,http://dreadditevelidot.onion/d/HashHQ,2020-12-19 20:09:10.23491,2020-12-19 20:09:10.23491
93,1019,Diazepines,http://dreadditevelidot.onion/d/Diazepines,2020-12-19 20:09:10.452943,2020-12-19 20:09:10.452943
101,1019,DNMAds,http://dreadditevelidot.onion/d/DNMAds?p=185,2020-12-19 20:09:10.683208,2020-12-19 20:09:10.683208
48,1019,CryptoATMs,http://dreadditevelidot.onion/d/CryptoATMs,2020-12-19 20:09:10.703225,2020-12-19 20:09:10.703225
97,1019,Kratom,http://dreadditevelidot.onion/d/Kratom,2020-12-19 20:09:10.707377,2020-12-19 20:09:10.707377
109,1019,FreeSamples,http://dreadditevelidot.onion/d/FreeSamples?p=4,2020-12-19 20:09:10.711277,2020-12-19 20:09:10.711277
107,1019,DrugScience,http://dreadditevelidot.onion/d/DrugScience,2020-12-19 20:09:10.938935,2020-12-19 20:09:10.938935
106,1019,2CB,http://dreadditevelidot.onion/d/2CB,2020-12-19 20:09:10.942513,2020-12-19 20:09:10.942513
108,1019,SubAnnouncements,http://dreadditevelidot.onion/d/SubAnnouncements,2020-12-19 20:09:10.946136,2020-12-19 20:09:10.946136
232,1019,nitrous,http://dreadditevelidot.onion/d/nitrous,2020-12-19 20:09:16.444992,2020-12-19 20:09:16.444992
115,1019,Xan,http://dreadditevelidot.onion/d/Xan,2020-12-19 20:09:11.695423,2020-12-19 20:09:11.695423
73,1019,Crypto,http://dreadditevelidot.onion/d/Crypto?p=3,2020-12-19 20:09:11.699325,2020-12-19 20:09:11.699325
120,1019,Shoplifting,http://dreadditevelidot.onion/d/Shoplifting?p=2,2020-12-19 20:09:11.890429,2020-12-19 20:09:11.890429
129,1019,privacy,http://dreadditevelidot.onion/d/privacy?p=3,2020-12-19 20:09:11.894221,2020-12-19 20:09:11.894221
364,1019,GirlPower,http://dreadditevelidot.onion/d/GirlPower,2020-12-19 20:09:12.014566,2020-12-19 20:09:12.014566
307,1019,VendyMcVendface,http://dreadditevelidot.onion/d/VendyMcVendface,2020-12-19 20:09:12.022561,2020-12-19 20:09:12.022561
343,1019,SubOfShame,http://dreadditevelidot.onion/d/SubOfShame,2020-12-19 20:09:12.030844,2020-12-19 20:09:12.030844
404,1019,operamarket,http://dreadditevelidot.onion/d/operamarket,2020-12-19 20:09:12.070089,2020-12-19 20:09:12.070089
405,1019,CrownedVendors,http://dreadditevelidot.onion/d/CrownedVendors,2020-12-19 20:09:12.082355,2020-12-19 20:09:12.082355
406,1019,Nirvana,http://dreadditevelidot.onion/d/Nirvana,2020-12-19 20:09:12.086854,2020-12-19 20:09:12.086854
408,1019,stickykitty,http://dreadditevelidot.onion/d/stickykitty,2020-12-19 20:09:12.09088,2020-12-19 20:09:12.09088
407,1019,CalSource,http://dreadditevelidot.onion/d/CalSource?p=2,2020-12-19 20:09:12.095064,2020-12-19 20:09:12.095064
409,1019,DarknetCzechRepublic,http://dreadditevelidot.onion/d/DarknetCzechRepublic,2020-12-19 20:09:12.099011,2020-12-19 20:09:12.099011
410,1019,GGWP,http://dreadditevelidot.onion/d/GGWP,2020-12-19 20:09:12.103056,2020-12-19 20:09:12.103056
411,1019,HermesHiddenServices,http://dreadditevelidot.onion/d/HermesHiddenServices,2020-12-19 20:09:12.107085,2020-12-19 20:09:12.107085
412,1019,NGM,http://dreadditevelidot.onion/d/NGM,2020-12-19 20:09:12.111462,2020-12-19 20:09:12.111462
413,1019,VendorShops,http://dreadditevelidot.onion/d/VendorShops,2020-12-19 20:09:12.115805,2020-12-19 20:09:12.115805
414,1019,HHShop7,http://dreadditevelidot.onion/d/HHShop7,2020-12-19 20:09:12.119774,2020-12-19 20:09:12.119774
155,1019,Blunts,http://dreadditevelidot.onion/d/Blunts,2020-12-19 20:09:12.127659,2020-12-19 20:09:12.127659
214,1019,DDWPHISHING,http://dreadditevelidot.onion/d/DDWPHISHING,2020-12-19 20:09:12.159626,2020-12-19 20:09:12.159626
230,1019,CorporationCashOut,http://dreadditevelidot.onion/d/CorporationCashOut,2020-12-19 20:09:12.207669,2020-12-19 20:09:12.207669
207,1019,FinanceHackers,http://dreadditevelidot.onion/d/FinanceHackers,2020-12-19 20:09:12.259439,2020-12-19 20:09:12.259439
229,1019,EU_Weed,http://dreadditevelidot.onion/d/EU_Weed,2020-12-19 20:09:12.338617,2020-12-19 20:09:12.338617
208,1019,dankvip,http://dreadditevelidot.onion/d/dankvip,2020-12-19 20:09:12.394816,2020-12-19 20:09:12.394816
205,1019,cocacolacompany,http://dreadditevelidot.onion/d/cocacolacompany,2020-12-19 20:09:12.414283,2020-12-19 20:09:12.414283
266,1019,TripSmart,http://dreadditevelidot.onion/d/TripSmart,2020-12-19 20:09:12.503238,2020-12-19 20:09:12.503238
262,1019,Genesis,http://dreadditevelidot.onion/d/Genesis,2020-12-19 20:09:12.507195,2020-12-19 20:09:12.507195
268,1019,DNWikipedia,http://dreadditevelidot.onion/d/DNWikipedia,2020-12-19 20:09:12.522481,2020-12-19 20:09:12.522481
264,1019,BlackBox,http://dreadditevelidot.onion/d/BlackBox,2020-12-19 20:09:12.526474,2020-12-19 20:09:12.526474
269,1019,TorrentShare,http://dreadditevelidot.onion/d/TorrentShare,2020-12-19 20:09:12.53029,2020-12-19 20:09:12.53029
263,1019,AskDread,http://dreadditevelidot.onion/d/AskDread?p=3,2020-12-19 20:09:12.534166,2020-12-19 20:09:12.534166
271,1019,PushingTrees,http://dreadditevelidot.onion/d/PushingTrees,2020-12-19 20:09:12.550197,2020-12-19 20:09:12.550197
272,1019,leary,http://dreadditevelidot.onion/d/leary,2020-12-19 20:09:12.558094,2020-12-19 20:09:12.558094
261,1019,WikiDrugs,http://dreadditevelidot.onion/d/WikiDrugs,2020-12-19 20:09:12.561983,2020-12-19 20:09:12.561983
294,1019,AngelPharm,http://dreadditevelidot.onion/d/AngelPharm,2020-12-19 20:09:12.64138,2020-12-19 20:09:12.64138
275,1019,Onions,http://dreadditevelidot.onion/d/Onions?p=4,2020-12-19 20:09:12.64541,2020-12-19 20:09:12.64541
29,1019,Xanax,http://dreadditevelidot.onion/d/Xanax?p=11,2020-12-19 20:09:12.653554,2020-12-19 20:09:12.653554
295,1019,Strike,http://dreadditevelidot.onion/d/Strike,2020-12-19 20:09:12.702374,2020-12-19 20:09:12.702374
296,1019,Blackhat,http://dreadditevelidot.onion/d/Blackhat,2020-12-19 20:09:12.706735,2020-12-19 20:09:12.706735
309,1019,trippy,http://dreadditevelidot.onion/d/trippy,2020-12-19 20:09:12.714669,2020-12-19 20:09:12.714669
24,1019,DarknetMarketsNoobs,http://dreadditevelidot.onion/d/DarknetMarketsNoobs?p=48,2020-12-19 20:09:12.738379,2020-12-19 20:09:12.738379
31,1019,DarknetMarketsIndia,http://dreadditevelidot.onion/d/DarknetMarketsIndia?page=18,2020-12-19 20:09:12.782782,2020-12-19 20:09:12.782782
40,1019,DNMUS,http://dreadditevelidot.onion/d/DNMUS?page=4,2020-12-19 20:09:12.786753,2020-12-19 20:09:12.786753
27,1019,DrugManufacture,http://dreadditevelidot.onion/d/DrugManufacture?p=12,2020-12-19 20:09:12.790758,2020-12-19 20:09:12.790758
231,1019,NightMareMarket,http://dreadditevelidot.onion/d/NightMareMarket?p=113,2020-12-19 20:09:12.798941,2020-12-19 20:09:12.798941
300,1019,onionshop,http://dreadditevelidot.onion/d/onionshop?p=2,2020-12-19 20:09:12.802948,2020-12-19 20:09:12.802948
52,1019,testcommunity,http://dreadditevelidot.onion/d/testcommunity,2020-12-19 20:09:12.807109,2020-12-19 20:09:12.807109
132,1019,ProfitableExsploit,http://dreadditevelidot.onion/d/ProfitableExsploit,2020-12-19 20:09:12.811086,2020-12-19 20:09:12.811086
26,1019,CGMC,http://dreadditevelidot.onion/d/CGMC,2020-12-19 20:09:17.557789,2020-12-19 20:09:17.557789
33,1019,chemmindful,http://dreadditevelidot.onion/d/chemmindful,2020-12-19 20:09:12.815228,2020-12-19 20:09:12.815228
34,1019,hacking,http://dreadditevelidot.onion/d/hacking?page=35,2020-12-19 20:09:12.819096,2020-12-19 20:09:12.819096
36,1019,malware,http://dreadditevelidot.onion/d/malware?page=4,2020-12-19 20:09:12.823444,2020-12-19 20:09:12.823444
37,1019,SteadySupplies,http://dreadditevelidot.onion/d/SteadySupplies?page=2,2020-12-19 20:09:12.827328,2020-12-19 20:09:12.827328
54,1019,rcsources,http://dreadditevelidot.onion/d/rcsources?p=87,2020-12-19 20:09:12.831379,2020-12-19 20:09:12.831379
233,1019,ogXC,http://dreadditevelidot.onion/d/ogXC,2020-12-19 20:09:12.952002,2020-12-19 20:09:12.952002
305,1019,OnionOps,http://dreadditevelidot.onion/d/OnionOps,2020-12-19 20:09:13.012629,2020-12-19 20:09:13.012629
234,1019,Chat,http://dreadditevelidot.onion/d/Chat,2020-12-19 20:09:13.092287,2020-12-19 20:09:13.092287
316,1019,encrypted,http://dreadditevelidot.onion/d/encrypted,2020-12-19 20:09:13.100493,2020-12-19 20:09:13.100493
78,1019,Music,http://dreadditevelidot.onion/d/Music?p=4,2020-12-19 20:09:13.286215,2020-12-19 20:09:13.286215
257,1019,EnergyControl,http://dreadditevelidot.onion/d/EnergyControl?p=3,2020-12-19 20:09:13.326485,2020-12-19 20:09:13.326485
287,1019,Israel,http://dreadditevelidot.onion/d/Israel,2020-12-19 20:09:13.330396,2020-12-19 20:09:13.330396
279,1019,TBK,http://dreadditevelidot.onion/d/TBK?p=3,2020-12-19 20:09:13.338177,2020-12-19 20:09:13.338177
288,1019,MarketsUruguay,http://dreadditevelidot.onion/d/MarketsUruguay,2020-12-19 20:09:13.34236,2020-12-19 20:09:13.34236
289,1019,Antiochus,http://dreadditevelidot.onion/d/Antiochus,2020-12-19 20:09:13.346289,2020-12-19 20:09:13.346289
283,1019,escorts,http://dreadditevelidot.onion/d/escorts,2020-12-19 20:09:13.353856,2020-12-19 20:09:13.353856
445,1019,Halbermensch,http://dreadditevelidot.onion/d/Halbermensch,2020-12-19 20:09:13.357585,2020-12-19 20:09:13.357585
443,1019,ugextracts,http://dreadditevelidot.onion/d/ugextracts,2020-12-19 20:09:13.365107,2020-12-19 20:09:13.365107
284,1019,DrugPics,http://dreadditevelidot.onion/d/DrugPics,2020-12-19 20:09:13.36923,2020-12-19 20:09:13.36923
285,1019,UKCocaineReviews,http://dreadditevelidot.onion/d/UKCocaineReviews,2020-12-19 20:09:13.373355,2020-12-19 20:09:13.373355
446,1019,Halbmensch,http://dreadditevelidot.onion/d/Halbmensch,2020-12-19 20:09:13.377767,2020-12-19 20:09:13.377767
286,1019,HashishMaster,http://dreadditevelidot.onion/d/HashishMaster,2020-12-19 20:09:13.385768,2020-12-19 20:09:13.385768
255,1019,ReagentTesting,http://dreadditevelidot.onion/d/ReagentTesting,2020-12-19 20:09:13.389671,2020-12-19 20:09:13.389671
256,1019,DNMRussia,http://dreadditevelidot.onion/d/DNMRussia,2020-12-19 20:09:13.393645,2020-12-19 20:09:13.393645
281,1019,CivilDisobedience,http://dreadditevelidot.onion/d/CivilDisobedience,2020-12-19 20:09:13.405357,2020-12-19 20:09:13.405357
444,1019,cloneTeam,http://dreadditevelidot.onion/d/cloneTeam?p=2,2020-12-19 20:09:13.409296,2020-12-19 20:09:13.409296
84,1019,Benzos,http://dreadditevelidot.onion/d/Benzos?p=3,2020-12-19 20:09:13.413073,2020-12-19 20:09:13.413073
312,1019,PillChills,http://dreadditevelidot.onion/d/PillChills?p=3,2020-12-19 20:09:13.449509,2020-12-19 20:09:13.449509
282,1019,hookers,http://dreadditevelidot.onion/d/hookers,2020-12-19 20:09:13.461088,2020-12-19 20:09:13.461088
58,1019,EUrcsources,http://dreadditevelidot.onion/d/EUrcsources,2020-12-19 20:09:13.489233,2020-12-19 20:09:13.489233
55,1019,CaliKindness,http://dreadditevelidot.onion/d/CaliKindness,2020-12-19 20:09:13.50153,2020-12-19 20:09:13.50153
71,1019,OlympusMarket,http://dreadditevelidot.onion/d/OlympusMarket,2020-12-19 20:09:13.505801,2020-12-19 20:09:13.505801
85,1019,Portugal,http://dreadditevelidot.onion/d/Portugal,2020-12-19 20:09:13.562011,2020-12-19 20:09:13.562011
235,1019,AnythingGoes,http://dreadditevelidot.onion/d/AnythingGoes,2020-12-19 20:09:13.573641,2020-12-19 20:09:13.573641
98,1019,Phenibut,http://dreadditevelidot.onion/d/Phenibut,2020-12-19 20:09:13.577519,2020-12-19 20:09:13.577519
200,1019,newmarkets,http://dreadditevelidot.onion/d/newmarkets?p=2,2020-12-19 20:09:13.593733,2020-12-19 20:09:13.593733
258,1019,Meth,http://dreadditevelidot.onion/d/Meth?p=7,2020-12-19 20:09:13.601723,2020-12-19 20:09:13.601723
259,1019,THClear1,http://dreadditevelidot.onion/d/THClear1,2020-12-19 20:09:13.605776,2020-12-19 20:09:13.605776
260,1019,GammaGoblin,http://dreadditevelidot.onion/d/GammaGoblin?p=4,2020-12-19 20:09:13.609833,2020-12-19 20:09:13.609833
277,1019,Quickcoke,http://dreadditevelidot.onion/d/Quickcoke,2020-12-19 20:09:13.613824,2020-12-19 20:09:13.613824
99,1019,sexworkers,http://dreadditevelidot.onion/d/sexworkers?p=2,2020-12-19 20:09:13.622283,2020-12-19 20:09:13.622283
278,1019,OnionParty,http://dreadditevelidot.onion/d/OnionParty,2020-12-19 20:09:13.638533,2020-12-19 20:09:13.638533
280,1019,DNMMods19,http://dreadditevelidot.onion/d/DNMMods19,2020-12-19 20:09:13.642728,2020-12-19 20:09:13.642728
378,1019,Pelican,http://dreadditevelidot.onion/d/Pelican,2020-12-19 20:09:17.152493,2020-12-19 20:09:17.152493
17,1019,DarkNetAustralia,http://dreadditevelidot.onion/d/DarkNetAustralia,2020-12-19 20:09:13.646826,2020-12-19 20:09:13.646826
426,1019,GreenFlagged,http://dreadditevelidot.onion/d/GreenFlagged,2020-12-19 20:09:13.650707,2020-12-19 20:09:13.650707
102,1019,Torrenting,http://dreadditevelidot.onion/d/Torrenting,2020-12-19 20:09:13.654464,2020-12-19 20:09:13.654464
211,1019,bbb,http://dreadditevelidot.onion/d/bbb,2020-12-19 20:09:13.658556,2020-12-19 20:09:13.658556
150,1019,Adderall,http://dreadditevelidot.onion/d/Adderall?p=7,2020-12-19 20:09:13.666372,2020-12-19 20:09:13.666372
213,1019,ausfreeclassifieds,http://dreadditevelidot.onion/d/ausfreeclassifieds,2020-12-19 20:09:13.670284,2020-12-19 20:09:13.670284
223,1019,Counterfeiting,http://dreadditevelidot.onion/d/Counterfeiting?p=5,2020-12-19 20:09:13.674185,2020-12-19 20:09:13.674185
298,1019,alternatives,http://dreadditevelidot.onion/d/alternatives,2020-12-19 20:09:13.677913,2020-12-19 20:09:13.677913
365,1019,Italy,http://dreadditevelidot.onion/d/Italy?p=2,2020-12-19 20:09:13.681816,2020-12-19 20:09:13.681816
315,1019,TheGoodSpeedGuide,http://dreadditevelidot.onion/d/TheGoodSpeedGuide?p=17,2020-12-19 20:09:13.689563,2020-12-19 20:09:13.689563
87,1019,drugdealing,http://dreadditevelidot.onion/d/drugdealing,2020-12-19 20:09:13.722479,2020-12-19 20:09:13.722479
96,1019,DarknetmarketsOZ,http://dreadditevelidot.onion/d/DarknetmarketsOZ,2020-12-19 20:09:13.726448,2020-12-19 20:09:13.726448
310,1019,VendorTalk,http://dreadditevelidot.onion/d/VendorTalk,2020-12-19 20:09:13.734775,2020-12-19 20:09:13.734775
80,1019,Mdma,http://dreadditevelidot.onion/d/Mdma?p=13,2020-12-19 20:09:13.751313,2020-12-19 20:09:13.751313
387,1019,DNMJOKES,http://dreadditevelidot.onion/d/DNMJOKES,2020-12-19 20:09:13.755358,2020-12-19 20:09:13.755358
377,1019,giveaways,http://dreadditevelidot.onion/d/giveaways,2020-12-19 20:09:13.759423,2020-12-19 20:09:13.759423
388,1019,TheOutfit,http://dreadditevelidot.onion/d/TheOutfit,2020-12-19 20:09:13.763607,2020-12-19 20:09:13.763607
53,1019,DNSTARS,http://dreadditevelidot.onion/d/DNSTARS?p=4,2020-12-19 20:09:13.771703,2020-12-19 20:09:13.771703
111,1019,Weed,http://dreadditevelidot.onion/d/Weed?p=3,2020-12-19 20:09:13.775523,2020-12-19 20:09:13.775523
75,1019,Psychedelics,http://dreadditevelidot.onion/d/Psychedelics?p=3,2020-12-19 20:09:13.779627,2020-12-19 20:09:13.779627
198,1019,Opiateconnect,http://dreadditevelidot.onion/d/Opiateconnect?p=11,2020-12-19 20:09:13.81063,2020-12-19 20:09:13.81063
199,1019,thedopespot,http://dreadditevelidot.onion/d/thedopespot,2020-12-19 20:09:13.822614,2020-12-19 20:09:13.822614
201,1019,FREE_Guides,http://dreadditevelidot.onion/d/FREE_Guides?p=2,2020-12-19 20:09:13.826776,2020-12-19 20:09:13.826776
149,1019,Jobs4Crypto,http://dreadditevelidot.onion/d/Jobs4Crypto?p=22,2020-12-19 20:09:13.830936,2020-12-19 20:09:13.830936
372,1019,IntelExchange,http://dreadditevelidot.onion/d/IntelExchange?p=4,2020-12-19 20:09:13.834826,2020-12-19 20:09:13.834826
7,1019,LibertasMarket,http://dreadditevelidot.onion/d/LibertasMarket,2020-12-19 20:09:13.838904,2020-12-19 20:09:13.838904
430,1019,GreyMarket,http://dreadditevelidot.onion/d/GreyMarket?p=15,2020-12-19 20:09:13.850873,2020-12-19 20:09:13.850873
431,1019,BitBazaar,http://dreadditevelidot.onion/d/BitBazaar?p=6,2020-12-19 20:09:13.858967,2020-12-19 20:09:13.858967
152,1019,VendorsClub,http://dreadditevelidot.onion/d/VendorsClub,2020-12-19 20:09:13.88302,2020-12-19 20:09:13.88302
153,1019,Psychonaut,http://dreadditevelidot.onion/d/Psychonaut?p=2,2020-12-19 20:09:13.887262,2020-12-19 20:09:13.887262
193,1019,Anonymous,http://dreadditevelidot.onion/d/Anonymous,2020-12-19 20:09:13.898899,2020-12-19 20:09:13.898899
190,1019,Drugs,http://dreadditevelidot.onion/d/Drugs?p=5,2020-12-19 20:09:13.903039,2020-12-19 20:09:13.903039
191,1019,BerlusconiMarket,http://dreadditevelidot.onion/d/BerlusconiMarket?p=17,2020-12-19 20:09:13.914822,2020-12-19 20:09:13.914822
224,1019,Cryptonia,http://dreadditevelidot.onion/d/Cryptonia?p=89,2020-12-19 20:09:13.930623,2020-12-19 20:09:13.930623
192,1019,Manufacturing,http://dreadditevelidot.onion/d/Manufacturing,2020-12-19 20:09:13.934879,2020-12-19 20:09:13.934879
110,1019,HumboldtGrowers,http://dreadditevelidot.onion/d/HumboldtGrowers?p=3,2020-12-19 20:09:13.943303,2020-12-19 20:09:13.943303
319,1019,PDqrxzyftn,http://dreadditevelidot.onion/d/PDqrxzyftn,2020-12-19 20:09:13.954924,2020-12-19 20:09:13.954924
49,1019,MoneroATMs,http://dreadditevelidot.onion/d/MoneroATMs,2020-12-19 20:09:13.966475,2020-12-19 20:09:13.966475
113,1019,DarkDevices,http://dreadditevelidot.onion/d/DarkDevices,2020-12-19 20:09:13.970637,2020-12-19 20:09:13.970637
320,1019,DNMemes,http://dreadditevelidot.onion/d/DNMemes,2020-12-19 20:09:13.994084,2020-12-19 20:09:13.994084
321,1019,canadianflavor,http://dreadditevelidot.onion/d/canadianflavor,2020-12-19 20:09:13.997965,2020-12-19 20:09:13.997965
373,1019,Agorism,http://dreadditevelidot.onion/d/Agorism,2020-12-19 20:09:14.001876,2020-12-19 20:09:14.001876
374,1019,DarkDesk,http://dreadditevelidot.onion/d/DarkDesk,2020-12-19 20:09:14.005802,2020-12-19 20:09:14.005802
375,1019,Balenciaga,http://dreadditevelidot.onion/d/Balenciaga,2020-12-19 20:09:14.009716,2020-12-19 20:09:14.009716
376,1019,XMR,http://dreadditevelidot.onion/d/XMR,2020-12-19 20:09:14.013608,2020-12-19 20:09:14.013608
384,1019,SethRogenAus,http://dreadditevelidot.onion/d/SethRogenAus,2020-12-19 20:09:14.017583,2020-12-19 20:09:14.017583
188,1019,softandtech,http://dreadditevelidot.onion/d/softandtech,2020-12-19 20:09:14.05296,2020-12-19 20:09:14.05296
204,1019,DNHistory,http://dreadditevelidot.onion/d/DNHistory,2020-12-19 20:09:14.081668,2020-12-19 20:09:14.081668
189,1019,DNMSA,http://dreadditevelidot.onion/d/DNMSA,2020-12-19 20:09:14.097704,2020-12-19 20:09:14.097704
170,1019,OnionDev,http://dreadditevelidot.onion/d/OnionDev,2020-12-19 20:09:14.170324,2020-12-19 20:09:14.170324
112,1019,DarkPhones,http://dreadditevelidot.onion/d/DarkPhones,2020-12-19 20:09:14.210755,2020-12-19 20:09:14.210755
346,1019,DNMSwitzerland,http://dreadditevelidot.onion/d/DNMSwitzerland?p=4,2020-12-19 20:09:14.218781,2020-12-19 20:09:14.218781
114,1019,Alprazolam,http://dreadditevelidot.onion/d/Alprazolam,2020-12-19 20:09:14.227,2020-12-19 20:09:14.227
117,1019,benzodiazepines,http://dreadditevelidot.onion/d/benzodiazepines,2020-12-19 20:09:14.23122,2020-12-19 20:09:14.23122
119,1019,CafeDread,http://dreadditevelidot.onion/d/CafeDread?p=16,2020-12-19 20:09:14.235129,2020-12-19 20:09:14.235129
432,1019,GenesisMarket,http://dreadditevelidot.onion/d/GenesisMarket?p=9,2020-12-19 20:09:14.282998,2020-12-19 20:09:14.282998
196,1019,fraudfinance,http://dreadditevelidot.onion/d/fraudfinance,2020-12-19 20:09:14.772245,2020-12-19 20:09:14.772245
92,1019,thecandymanuk,http://dreadditevelidot.onion/d/thecandymanuk,2020-12-19 20:09:14.829218,2020-12-19 20:09:14.829218
420,1019,Vacations,http://dreadditevelidot.onion/d/Vacations,2020-12-19 20:09:14.975005,2020-12-19 20:09:14.975005
435,1019,UKCannaisseurs,http://dreadditevelidot.onion/d/UKCannaisseurs,2020-12-19 20:09:14.97911,2020-12-19 20:09:14.97911
421,1019,devopspartnering,http://dreadditevelidot.onion/d/devopspartnering,2020-12-19 20:09:14.983094,2020-12-19 20:09:14.983094
436,1019,dBay,http://dreadditevelidot.onion/d/dBay?p=5,2020-12-19 20:09:14.990819,2020-12-19 20:09:14.990819
423,1019,DarkNetAlchemist,http://dreadditevelidot.onion/d/DarkNetAlchemist?p=4,2020-12-19 20:09:14.994802,2020-12-19 20:09:14.994802
424,1019,DarknetMonitor,http://dreadditevelidot.onion/d/DarknetMonitor,2020-12-19 20:09:14.998611,2020-12-19 20:09:14.998611
425,1019,readers,http://dreadditevelidot.onion/d/readers,2020-12-19 20:09:15.002522,2020-12-19 20:09:15.002522
437,1019,SynchronizersGazeebo,http://dreadditevelidot.onion/d/SynchronizersGazeebo?p=2,2020-12-19 20:09:15.006469,2020-12-19 20:09:15.006469
433,1019,IndianStoners,http://dreadditevelidot.onion/d/IndianStoners,2020-12-19 20:09:15.010523,2020-12-19 20:09:15.010523
438,1019,Chronos,http://dreadditevelidot.onion/d/Chronos?p=11,2020-12-19 20:09:15.014504,2020-12-19 20:09:15.014504
434,1019,TheFund,http://dreadditevelidot.onion/d/TheFund,2020-12-19 20:09:15.018352,2020-12-19 20:09:15.018352
439,1019,Versus,http://dreadditevelidot.onion/d/Versus?p=2,2020-12-19 20:09:15.022439,2020-12-19 20:09:15.022439
440,1019,PreviewOfFreedom,http://dreadditevelidot.onion/d/PreviewOfFreedom,2020-12-19 20:09:15.026339,2020-12-19 20:09:15.026339
174,1019,ScamReports,http://dreadditevelidot.onion/d/ScamReports?p=3,2020-12-19 20:09:15.034309,2020-12-19 20:09:15.034309
441,1019,WhiteHouseMarket,http://dreadditevelidot.onion/d/WhiteHouseMarket?p=8,2020-12-19 20:09:15.038346,2020-12-19 20:09:15.038346
416,1019,Envoy,http://dreadditevelidot.onion/d/Envoy?p=2,2020-12-19 20:09:15.042385,2020-12-19 20:09:15.042385
442,1019,Cryptonite,http://dreadditevelidot.onion/d/Cryptonite,2020-12-19 20:09:15.046444,2020-12-19 20:09:15.046444
417,1019,Silkbay,http://dreadditevelidot.onion/d/Silkbay,2020-12-19 20:09:15.058942,2020-12-19 20:09:15.058942
418,1019,darkmarket,http://dreadditevelidot.onion/d/darkmarket?p=12,2020-12-19 20:09:15.071268,2020-12-19 20:09:15.071268
419,1019,CartKingdom,http://dreadditevelidot.onion/d/CartKingdom,2020-12-19 20:09:15.099199,2020-12-19 20:09:15.099199
415,1019,SamSaraMarket,http://dreadditevelidot.onion/d/SamSaraMarket?p=27,2020-12-19 20:09:15.155889,2020-12-19 20:09:15.155889
18,1019,EmpireMarket,http://dreadditevelidot.onion/d/EmpireMarket,2020-12-19 20:09:15.172087,2020-12-19 20:09:15.172087
290,1019,NamasteLSD,http://dreadditevelidot.onion/d/NamasteLSD?p=21,2020-12-19 20:09:15.317139,2020-12-19 20:09:15.317139
291,1019,SecretSociety,http://dreadditevelidot.onion/d/SecretSociety,2020-12-19 20:09:15.321314,2020-12-19 20:09:15.321314
292,1019,issociatives,http://dreadditevelidot.onion/d/issociatives,2020-12-19 20:09:15.329543,2020-12-19 20:09:15.329543
293,1019,dissociatives,http://dreadditevelidot.onion/d/dissociatives,2020-12-19 20:09:15.333731,2020-12-19 20:09:15.333731
118,1019,Tramadol,http://dreadditevelidot.onion/d/Tramadol,2020-12-19 20:09:15.353846,2020-12-19 20:09:15.353846
121,1019,DarknetMarketsNZ,http://dreadditevelidot.onion/d/DarknetMarketsNZ?p=4,2020-12-19 20:09:15.358071,2020-12-19 20:09:15.358071
19,1019,Opiates,http://dreadditevelidot.onion/d/Opiates,2020-12-19 20:09:15.418454,2020-12-19 20:09:15.418454
162,1019,BudgetBudsExpress,http://dreadditevelidot.onion/d/BudgetBudsExpress,2020-12-19 20:09:15.446692,2020-12-19 20:09:15.446692
81,1019,RCBenzos,http://dreadditevelidot.onion/d/RCBenzos?p=15,2020-12-19 20:09:15.454946,2020-12-19 20:09:15.454946
13,1019,HarmReduction,http://dreadditevelidot.onion/d/HarmReduction,2020-12-19 20:09:15.462778,2020-12-19 20:09:15.462778
428,1019,DrugTrafficking,http://dreadditevelidot.onion/d/DrugTrafficking,2020-12-19 20:09:15.470606,2020-12-19 20:09:15.470606
185,1019,CFB,http://dreadditevelidot.onion/d/CFB,2020-12-19 20:09:15.474473,2020-12-19 20:09:15.474473
186,1019,clearlythebest,http://dreadditevelidot.onion/d/clearlythebest?p=2,2020-12-19 20:09:15.47869,2020-12-19 20:09:15.47869
187,1019,Recon,http://dreadditevelidot.onion/d/Recon,2020-12-19 20:09:15.482679,2020-12-19 20:09:15.482679
194,1019,klonopin,http://dreadditevelidot.onion/d/klonopin,2020-12-19 20:09:15.486574,2020-12-19 20:09:15.486574
427,1019,DarknetBrasil,http://dreadditevelidot.onion/d/DarknetBrasil,2020-12-19 20:09:15.494826,2020-12-19 20:09:15.494826
429,1019,LiquidGold,http://dreadditevelidot.onion/d/LiquidGold,2020-12-19 20:09:15.499091,2020-12-19 20:09:15.499091
202,1019,ReviewsOz,http://dreadditevelidot.onion/d/ReviewsOz?p=3,2020-12-19 20:09:15.503093,2020-12-19 20:09:15.503093
197,1019,DarknetDevelopment,http://dreadditevelidot.onion/d/DarknetDevelopment,2020-12-19 20:09:15.507209,2020-12-19 20:09:15.507209
274,1019,EnigmaMarket,http://dreadditevelidot.onion/d/EnigmaMarket,2020-12-19 20:09:15.511221,2020-12-19 20:09:15.511221
265,1019,IntelCutoutReloaded,http://dreadditevelidot.onion/d/IntelCutoutReloaded,2020-12-19 20:09:15.515325,2020-12-19 20:09:15.515325
422,1019,Monopoly,http://dreadditevelidot.onion/d/Monopoly?p=5,2020-12-19 20:09:15.519236,2020-12-19 20:09:15.519236
164,1019,ProjectAnnouncements,http://dreadditevelidot.onion/d/ProjectAnnouncements,2020-12-19 20:09:15.52334,2020-12-19 20:09:15.52334
203,1019,boredbanter,http://dreadditevelidot.onion/d/boredbanter,2020-12-19 20:09:15.531412,2020-12-19 20:09:15.531412
209,1019,CubensisCity,http://dreadditevelidot.onion/d/CubensisCity,2020-12-19 20:09:15.556028,2020-12-19 20:09:15.556028
116,1019,Modafin,http://dreadditevelidot.onion/d/Modafin,2020-12-19 20:09:15.567778,2020-12-19 20:09:15.567778
51,1019,programming,http://dreadditevelidot.onion/d/programming?page=4,2020-12-19 20:09:15.571838,2020-12-19 20:09:15.571838
57,1019,Apollon,http://dreadditevelidot.onion/d/Apollon?p=59,2020-12-19 20:09:15.575846,2020-12-19 20:09:15.575846
67,1019,DreadditTest,http://dreadditevelidot.onion/d/DreadditTest,2020-12-19 20:09:15.580055,2020-12-19 20:09:15.580055
69,1019,DNMCanada,http://dreadditevelidot.onion/d/DNMCanada?p=10,2020-12-19 20:09:15.584041,2020-12-19 20:09:15.584041
70,1019,Cannazon,http://dreadditevelidot.onion/d/Cannazon?p=17,2020-12-19 20:09:15.588189,2020-12-19 20:09:15.588189
122,1019,DarkNetDenmark,http://dreadditevelidot.onion/d/DarkNetDenmark,2020-12-19 20:09:15.59219,2020-12-19 20:09:15.59219
123,1019,DeepDotWeb,http://dreadditevelidot.onion/d/DeepDotWeb?p=31,2020-12-19 20:09:15.596335,2020-12-19 20:09:15.596335
124,1019,DNMcirclejerk,http://dreadditevelidot.onion/d/DNMcirclejerk,2020-12-19 20:09:15.600212,2020-12-19 20:09:15.600212
125,1019,undergroundcoco,http://dreadditevelidot.onion/d/undergroundcoco,2020-12-19 20:09:15.604687,2020-12-19 20:09:15.604687
126,1019,cocaine,http://dreadditevelidot.onion/d/cocaine?p=2,2020-12-19 20:09:15.608582,2020-12-19 20:09:15.608582
127,1019,Steroids,http://dreadditevelidot.onion/d/Steroids?p=2,2020-12-19 20:09:15.612765,2020-12-19 20:09:15.612765
128,1019,IndependentNews,http://dreadditevelidot.onion/d/IndependentNews?p=7,2020-12-19 20:09:15.616829,2020-12-19 20:09:15.616829
130,1019,TagTrading,http://dreadditevelidot.onion/d/TagTrading,2020-12-19 20:09:15.620786,2020-12-19 20:09:15.620786
131,1019,SteroidSourceTalk,http://dreadditevelidot.onion/d/SteroidSourceTalk,2020-12-19 20:09:15.62503,2020-12-19 20:09:15.62503
133,1019,DNP,http://dreadditevelidot.onion/d/DNP,2020-12-19 20:09:15.629213,2020-12-19 20:09:15.629213
134,1019,zionmarket,http://dreadditevelidot.onion/d/zionmarket,2020-12-19 20:09:15.633011,2020-12-19 20:09:15.633011
135,1019,IDC,http://dreadditevelidot.onion/d/IDC,2020-12-19 20:09:15.637326,2020-12-19 20:09:15.637326
139,1019,DNMWatchDogs,http://dreadditevelidot.onion/d/DNMWatchDogs,2020-12-19 20:09:15.641281,2020-12-19 20:09:15.641281
144,1019,Darkwebnews,http://dreadditevelidot.onion/d/Darkwebnews,2020-12-19 20:09:15.645259,2020-12-19 20:09:15.645259
143,1019,TrophyCircle,http://dreadditevelidot.onion/d/TrophyCircle,2020-12-19 20:09:15.649453,2020-12-19 20:09:15.649453
182,1019,DarknetMarketsReloaded,http://dreadditevelidot.onion/d/DarknetMarketsReloaded,2020-12-19 20:09:15.653928,2020-12-19 20:09:15.653928
145,1019,Superlist,http://dreadditevelidot.onion/d/Superlist,2020-12-19 20:09:15.657837,2020-12-19 20:09:15.657837
146,1019,SilkRoad,http://dreadditevelidot.onion/d/SilkRoad?p=2,2020-12-19 20:09:15.661764,2020-12-19 20:09:15.661764
184,1019,PacketsAndPuns,http://dreadditevelidot.onion/d/PacketsAndPuns,2020-12-19 20:09:15.665534,2020-12-19 20:09:15.665534
147,1019,testing,http://dreadditevelidot.onion/d/testing,2020-12-19 20:09:15.669583,2020-12-19 20:09:15.669583
148,1019,gpumining,http://dreadditevelidot.onion/d/gpumining,2020-12-19 20:09:15.673358,2020-12-19 20:09:15.673358
183,1019,KnowYourRights,http://dreadditevelidot.onion/d/KnowYourRights?p=4,2020-12-19 20:09:15.677466,2020-12-19 20:09:15.677466
206,1019,gotmilk,http://dreadditevelidot.onion/d/gotmilk?p=2,2020-12-19 20:09:15.682138,2020-12-19 20:09:15.682138
215,1019,REPPIT,http://dreadditevelidot.onion/d/REPPIT,2020-12-19 20:09:15.686202,2020-12-19 20:09:15.686202
20,1019,DNMUK,http://dreadditevelidot.onion/d/DNMUK?p=116,2020-12-19 20:09:15.69018,2020-12-19 20:09:15.69018
216,1019,TCF,http://dreadditevelidot.onion/d/TCF,2020-12-19 20:09:15.702332,2020-12-19 20:09:15.702332
217,1019,fraudulence,http://dreadditevelidot.onion/d/fraudulence,2020-12-19 20:09:15.706171,2020-12-19 20:09:15.706171
227,1019,Discordian_Society,http://dreadditevelidot.onion/d/Discordian_Society,2020-12-19 20:09:15.718359,2020-12-19 20:09:15.718359
238,1019,thedopeshop,http://dreadditevelidot.onion/d/thedopeshop,2020-12-19 20:09:15.72658,2020-12-19 20:09:15.72658
22,1019,GrowShrooms,http://dreadditevelidot.onion/d/GrowShrooms?p=4,2020-12-19 20:09:15.734756,2020-12-19 20:09:15.734756
88,1019,freelance,http://dreadditevelidot.onion/d/freelance?p=3,2020-12-19 20:09:15.738605,2020-12-19 20:09:15.738605
210,1019,LunaMarket,http://dreadditevelidot.onion/d/LunaMarket,2020-12-19 20:09:15.742704,2020-12-19 20:09:15.742704
46,1019,LSD,http://dreadditevelidot.onion/d/LSD?page=38,2020-12-19 20:09:15.853976,2020-12-19 20:09:15.853976
313,1019,sources,http://dreadditevelidot.onion/d/sources,2020-12-19 20:09:17.148236,2020-12-19 20:09:17.148236
39,1019,SocialEngineering,http://dreadditevelidot.onion/d/SocialEngineering?page=3,2020-12-19 20:09:15.858283,2020-12-19 20:09:15.858283
44,1019,DarkNetFrance,http://dreadditevelidot.onion/d/DarkNetFrance?page=9,2020-12-19 20:09:15.862087,2020-12-19 20:09:15.862087
60,1019,CartelNorteAfrica,http://dreadditevelidot.onion/d/CartelNorteAfrica?p=2,2020-12-19 20:09:15.865952,2020-12-19 20:09:15.865952
56,1019,DreamMarket,http://dreadditevelidot.onion/d/DreamMarket?p=85,2020-12-19 20:09:15.870121,2020-12-19 20:09:15.870121
61,1019,Opium,http://dreadditevelidot.onion/d/Opium,2020-12-19 20:09:15.87392,2020-12-19 20:09:15.87392
65,1019,Carding,http://dreadditevelidot.onion/d/Carding?p=28,2020-12-19 20:09:15.877811,2020-12-19 20:09:15.877811
63,1019,collapse,http://dreadditevelidot.onion/d/collapse,2020-12-19 20:09:15.881595,2020-12-19 20:09:15.881595
64,1019,modafinil,http://dreadditevelidot.onion/d/modafinil?p=2,2020-12-19 20:09:15.885352,2020-12-19 20:09:15.885352
136,1019,Oculus,http://dreadditevelidot.onion/d/Oculus,2020-12-19 20:09:15.888967,2020-12-19 20:09:15.888967
66,1019,StrungOut,http://dreadditevelidot.onion/d/StrungOut,2020-12-19 20:09:15.892721,2020-12-19 20:09:15.892721
137,1019,AntiScam,http://dreadditevelidot.onion/d/AntiScam?p=3,2020-12-19 20:09:15.900447,2020-12-19 20:09:15.900447
138,1019,coke,http://dreadditevelidot.onion/d/coke?p=11,2020-12-19 20:09:15.904304,2020-12-19 20:09:15.904304
141,1019,valhalla,http://dreadditevelidot.onion/d/valhalla,2020-12-19 20:09:15.908211,2020-12-19 20:09:15.908211
142,1019,GHBandAnalogs,http://dreadditevelidot.onion/d/GHBandAnalogs,2020-12-19 20:09:15.912056,2020-12-19 20:09:15.912056
297,1019,news,http://dreadditevelidot.onion/d/news,2020-12-19 20:09:16.201994,2020-12-19 20:09:16.201994
363,1019,darknetlive,http://dreadditevelidot.onion/d/darknetlive?p=4,2020-12-19 20:09:16.205915,2020-12-19 20:09:16.205915
273,1019,ttiot,http://dreadditevelidot.onion/d/ttiot,2020-12-19 20:09:16.218208,2020-12-19 20:09:16.218208
220,1019,Concentrates,http://dreadditevelidot.onion/d/Concentrates,2020-12-19 20:09:16.222619,2020-12-19 20:09:16.222619
6,1019,TochkaFreeMarket,http://dreadditevelidot.onion/d/TochkaFreeMarket,2020-12-19 20:09:16.246509,2020-12-19 20:09:16.246509
270,1019,Linux,http://dreadditevelidot.onion/d/Linux?p=3,2020-12-19 20:09:16.267041,2020-12-19 20:09:16.267041
218,1019,DutchDrugzSupport,http://dreadditevelidot.onion/d/DutchDrugzSupport?p=5,2020-12-19 20:09:16.271258,2020-12-19 20:09:16.271258
352,1019,Albertheijnxl,http://dreadditevelidot.onion/d/Albertheijnxl,2020-12-19 20:09:16.275208,2020-12-19 20:09:16.275208
354,1019,JabberExchange,http://dreadditevelidot.onion/d/JabberExchange,2020-12-19 20:09:16.279066,2020-12-19 20:09:16.279066
355,1019,ddf,http://dreadditevelidot.onion/d/ddf?p=2,2020-12-19 20:09:16.282973,2020-12-19 20:09:16.282973
356,1019,MushMerica,http://dreadditevelidot.onion/d/MushMerica,2020-12-19 20:09:16.287168,2020-12-19 20:09:16.287168
357,1019,AusDeals,http://dreadditevelidot.onion/d/AusDeals,2020-12-19 20:09:16.291328,2020-12-19 20:09:16.291328
358,1019,DarkNetArabs,http://dreadditevelidot.onion/d/DarkNetArabs,2020-12-19 20:09:16.295664,2020-12-19 20:09:16.295664
359,1019,MDACanada,http://dreadditevelidot.onion/d/MDACanada,2020-12-19 20:09:16.299876,2020-12-19 20:09:16.299876
360,1019,DNMBulgaria,http://dreadditevelidot.onion/d/DNMBulgaria,2020-12-19 20:09:16.304022,2020-12-19 20:09:16.304022
16,1019,TheMajesticGarden,http://dreadditevelidot.onion/d/TheMajesticGarden,2020-12-19 20:09:16.312007,2020-12-19 20:09:16.312007
245,1019,WorldPharmacy,http://dreadditevelidot.onion/d/WorldPharmacy?p=2,2020-12-19 20:09:16.32013,2020-12-19 20:09:16.32013
332,1019,ctbgold,http://dreadditevelidot.onion/d/ctbgold,2020-12-19 20:09:16.324311,2020-12-19 20:09:16.324311
333,1019,SpriteLeeBulkSourcing,http://dreadditevelidot.onion/d/SpriteLeeBulkSourcing,2020-12-19 20:09:16.328484,2020-12-19 20:09:16.328484
334,1019,Vendorstores,http://dreadditevelidot.onion/d/Vendorstores,2020-12-19 20:09:16.33245,2020-12-19 20:09:16.33245
335,1019,terekgears,http://dreadditevelidot.onion/d/terekgears,2020-12-19 20:09:16.336491,2020-12-19 20:09:16.336491
336,1019,IDW,http://dreadditevelidot.onion/d/IDW,2020-12-19 20:09:16.340334,2020-12-19 20:09:16.340334
337,1019,DutchMasters,http://dreadditevelidot.onion/d/DutchMasters?p=5,2020-12-19 20:09:16.344285,2020-12-19 20:09:16.344285
338,1019,goingpostal,http://dreadditevelidot.onion/d/goingpostal,2020-12-19 20:09:16.34827,2020-12-19 20:09:16.34827
339,1019,CDNVEN,http://dreadditevelidot.onion/d/CDNVEN?p=6,2020-12-19 20:09:16.352367,2020-12-19 20:09:16.352367
340,1019,dutchw33d,http://dreadditevelidot.onion/d/dutchw33d?p=2,2020-12-19 20:09:16.356399,2020-12-19 20:09:16.356399
342,1019,DreamAltMarket,http://dreadditevelidot.onion/d/DreamAltMarket,2020-12-19 20:09:16.360315,2020-12-19 20:09:16.360315
344,1019,TheProfessionals,http://dreadditevelidot.onion/d/TheProfessionals,2020-12-19 20:09:16.364191,2020-12-19 20:09:16.364191
345,1019,SmokersCo,http://dreadditevelidot.onion/d/SmokersCo?p=2,2020-12-19 20:09:16.368146,2020-12-19 20:09:16.368146
347,1019,HollandDutch,http://dreadditevelidot.onion/d/HollandDutch,2020-12-19 20:09:16.372132,2020-12-19 20:09:16.372132
348,1019,GeneseMarket,http://dreadditevelidot.onion/d/GeneseMarket,2020-12-19 20:09:16.376057,2020-12-19 20:09:16.376057
349,1019,HollanDutch,http://dreadditevelidot.onion/d/HollanDutch,2020-12-19 20:09:16.380137,2020-12-19 20:09:16.380137
350,1019,mushcanada,http://dreadditevelidot.onion/d/mushcanada,2020-12-19 20:09:16.384009,2020-12-19 20:09:16.384009
351,1019,openmarket,http://dreadditevelidot.onion/d/openmarket,2020-12-19 20:09:16.388106,2020-12-19 20:09:16.388106
219,1019,distillate,http://dreadditevelidot.onion/d/distillate,2020-12-19 20:09:16.391963,2020-12-19 20:09:16.391963
221,1019,Psychedelium,http://dreadditevelidot.onion/d/Psychedelium,2020-12-19 20:09:16.395946,2020-12-19 20:09:16.395946
222,1019,Killuminati,http://dreadditevelidot.onion/d/Killuminati,2020-12-19 20:09:16.399997,2020-12-19 20:09:16.399997
276,1019,yellowbrick,http://dreadditevelidot.onion/d/yellowbrick?p=7,2020-12-19 20:09:16.416304,2020-12-19 20:09:16.416304
163,1019,OffTopic,http://dreadditevelidot.onion/d/OffTopic,2020-12-19 20:09:16.420208,2020-12-19 20:09:16.420208
236,1019,kloshost,http://dreadditevelidot.onion/d/kloshost,2020-12-19 20:09:16.452977,2020-12-19 20:09:16.452977
154,1019,IAmA,http://dreadditevelidot.onion/d/IAmA,2020-12-19 20:09:16.461094,2020-12-19 20:09:16.461094
330,1019,WallStreetMarketUNCUCKED,http://dreadditevelidot.onion/d/WallStreetMarketUNCUCKED,2020-12-19 20:09:16.472786,2020-12-19 20:09:16.472786
95,1019,ketamine,http://dreadditevelidot.onion/d/ketamine?p=12,2020-12-19 20:09:16.624614,2020-12-19 20:09:16.624614
353,1019,MLPfans,http://dreadditevelidot.onion/d/MLPfans,2020-12-19 20:09:16.685183,2020-12-19 20:09:16.685183
68,1019,Reviews,http://dreadditevelidot.onion/d/Reviews?p=18,2020-12-19 20:09:16.749851,2020-12-19 20:09:16.749851
341,1019,B6v7eeOfficial,http://dreadditevelidot.onion/d/B6v7eeOfficial,2020-12-19 20:09:16.753806,2020-12-19 20:09:16.753806
50,1019,SerpentMarket,http://dreadditevelidot.onion/d/SerpentMarket?page=2,2020-12-19 20:09:16.765802,2020-12-19 20:09:16.765802
159,1019,Security,http://dreadditevelidot.onion/d/Security,2020-12-19 20:09:16.936544,2020-12-19 20:09:16.936544
225,1019,thunkening,http://dreadditevelidot.onion/d/thunkening,2020-12-19 20:09:16.944323,2020-12-19 20:09:16.944323
311,1019,randomtesttestrandom,http://dreadditevelidot.onion/d/randomtesttestrandom,2020-12-19 20:09:16.948191,2020-12-19 20:09:16.948191
239,1019,BrasilDark,http://dreadditevelidot.onion/d/BrasilDark,2020-12-19 20:09:17.003635,2020-12-19 20:09:17.003635
76,1019,DMT,http://dreadditevelidot.onion/d/DMT?p=3,2020-12-19 20:09:17.007896,2020-12-19 20:09:17.007896
302,1019,HiddenHand,http://dreadditevelidot.onion/d/HiddenHand,2020-12-19 20:09:17.012068,2020-12-19 20:09:17.012068
303,1019,NenUsers,http://dreadditevelidot.onion/d/NenUsers?p=2,2020-12-19 20:09:17.019894,2020-12-19 20:09:17.019894
77,1019,Codeine,http://dreadditevelidot.onion/d/Codeine,2020-12-19 20:09:17.027832,2020-12-19 20:09:17.027832
151,1019,TripNation,http://dreadditevelidot.onion/d/TripNation,2020-12-19 20:09:17.107472,2020-12-19 20:09:17.107472
157,1019,Tails,http://dreadditevelidot.onion/d/Tails?p=5,2020-12-19 20:09:17.11557,2020-12-19 20:09:17.11557
158,1019,Cosmic_Consciousness,http://dreadditevelidot.onion/d/Cosmic_Consciousness,2020-12-19 20:09:17.123932,2020-12-19 20:09:17.123932
240,1019,Cerberus,http://dreadditevelidot.onion/d/Cerberus,2020-12-19 20:09:17.144357,2020-12-19 20:09:17.144357
396,1019,AnnieAdderall,http://dreadditevelidot.onion/d/AnnieAdderall,2020-12-19 20:09:17.15652,2020-12-19 20:09:17.15652
176,1019,PossibleScams,http://dreadditevelidot.onion/d/PossibleScams,2020-12-19 20:09:17.256785,2020-12-19 20:09:17.256785
241,1019,FriedPhish,http://dreadditevelidot.onion/d/FriedPhish,2020-12-19 20:09:17.260603,2020-12-19 20:09:17.260603
314,1019,KarmaKing,http://dreadditevelidot.onion/d/KarmaKing?p=2,2020-12-19 20:09:17.268687,2020-12-19 20:09:17.268687
379,1019,antiforensics,http://dreadditevelidot.onion/d/antiforensics?p=2,2020-12-19 20:09:17.281069,2020-12-19 20:09:17.281069
397,1019,USAKetamine,http://dreadditevelidot.onion/d/USAKetamine,2020-12-19 20:09:17.285118,2020-12-19 20:09:17.285118
3,1019,FakeID,http://dreadditevelidot.onion/d/FakeID,2020-12-19 20:09:17.301022,2020-12-19 20:09:17.301022
181,1019,Revolution,http://dreadditevelidot.onion/d/Revolution,2020-12-19 20:09:17.305147,2020-12-19 20:09:17.305147
398,1019,PersonalTestPosts,http://dreadditevelidot.onion/d/PersonalTestPosts,2020-12-19 20:09:17.309339,2020-12-19 20:09:17.309339
243,1019,GangstasParadise,http://dreadditevelidot.onion/d/GangstasParadise,2020-12-19 20:09:17.373071,2020-12-19 20:09:17.373071
308,1019,DreamExit-vendors-only,http://dreadditevelidot.onion/d/DreamExit-vendors-only,2020-12-19 20:09:17.376916,2020-12-19 20:09:17.376916
317,1019,helpcenter,http://dreadditevelidot.onion/d/helpcenter,2020-12-19 20:09:17.38132,2020-12-19 20:09:17.38132
380,1019,DrugSEC,http://dreadditevelidot.onion/d/DrugSEC,2020-12-19 20:09:17.385401,2020-12-19 20:09:17.385401
399,1019,OGCR,http://dreadditevelidot.onion/d/OGCR,2020-12-19 20:09:17.389447,2020-12-19 20:09:17.389447
246,1019,hiddenwiki,http://dreadditevelidot.onion/d/hiddenwiki,2020-12-19 20:09:17.461064,2020-12-19 20:09:17.461064
318,1019,SuperSecretSociety,http://dreadditevelidot.onion/d/SuperSecretSociety,2020-12-19 20:09:17.465344,2020-12-19 20:09:17.465344
381,1019,fastkush,http://dreadditevelidot.onion/d/fastkush,2020-12-19 20:09:17.469159,2020-12-19 20:09:17.469159
400,1019,BudnationAustralia,http://dreadditevelidot.onion/d/BudnationAustralia,2020-12-19 20:09:17.473253,2020-12-19 20:09:17.473253
25,1019,DNMNoobs,http://dreadditevelidot.onion/d/DNMNoobs,2020-12-19 20:09:17.525782,2020-12-19 20:09:17.525782
228,1019,netsec,http://dreadditevelidot.onion/d/netsec?p=2,2020-12-19 20:09:17.52975,2020-12-19 20:09:17.52975
237,1019,VENT,http://dreadditevelidot.onion/d/VENT,2020-12-19 20:09:17.533751,2020-12-19 20:09:17.533751
382,1019,giveaway,http://dreadditevelidot.onion/d/giveaway,2020-12-19 20:09:17.541807,2020-12-19 20:09:17.541807
401,1019,DutchDarknet,http://dreadditevelidot.onion/d/DutchDarknet?p=2,2020-12-19 20:09:17.545969,2020-12-19 20:09:17.545969
10,1019,DankNation,http://dreadditevelidot.onion/d/DankNation,2020-12-19 20:09:17.55406,2020-12-19 20:09:17.55406
82,1019,edibles,http://dreadditevelidot.onion/d/edibles?p=2,2020-12-19 20:09:17.565731,2020-12-19 20:09:17.565731
89,1019,Microdosing,http://dreadditevelidot.onion/d/Microdosing,2020-12-19 20:09:17.569623,2020-12-19 20:09:17.569623
72,1019,MADMAN,http://dreadditevelidot.onion/d/MADMAN,2020-12-19 20:09:17.577521,2020-12-19 20:09:17.577521
32,1019,conspiracy,http://dreadditevelidot.onion/d/conspiracy?page=4,2020-12-19 20:09:17.597635,2020-12-19 20:09:17.597635
35,1019,xanaxcartel,http://dreadditevelidot.onion/d/xanaxcartel?page=16,2020-12-19 20:09:17.601511,2020-12-19 20:09:17.601511
41,1019,PirateSandbox,http://dreadditevelidot.onion/d/PirateSandbox,2020-12-19 20:09:17.633525,2020-12-19 20:09:17.633525
38,1019,OpSec,http://dreadditevelidot.onion/d/OpSec?page=49,2020-12-19 20:09:17.645663,2020-12-19 20:09:17.645663
4,1019,FakeIDUK,http://dreadditevelidot.onion/d/FakeIDUK,2020-12-19 20:09:17.665373,2020-12-19 20:09:17.665373
5,1019,WallStreetMarket,http://dreadditevelidot.onion/d/WallStreetMarket,2020-12-19 20:09:17.66942,2020-12-19 20:09:17.66942
8,1019,HiddenService,http://dreadditevelidot.onion/d/HiddenService,2020-12-19 20:09:17.673232,2020-12-19 20:09:17.673232
2,1019,DarkNetMarkets,http://dreadditevelidot.onion/d/DarkNetMarkets,2020-12-19 20:09:17.833465,2020-12-19 20:09:17.833465
11,1019,Forgeries,http://dreadditevelidot.onion/d/Forgeries,2020-12-19 20:09:17.837482,2020-12-19 20:09:17.837482
161,1019,DanknationUK,http://dreadditevelidot.onion/d/DanknationUK,2020-12-19 20:09:17.841375,2020-12-19 20:09:17.841375
226,1019,coremarket,http://dreadditevelidot.onion/d/coremarket?p=9,2020-12-19 20:09:17.845388,2020-12-19 20:09:17.845388
383,1019,darknet,http://dreadditevelidot.onion/d/darknet,2020-12-19 20:09:17.849281,2020-12-19 20:09:17.849281
402,1019,Politics,http://dreadditevelidot.onion/d/Politics?p=2,2020-12-19 20:09:17.853193,2020-12-19 20:09:17.853193
403,1019,FraudResources,http://dreadditevelidot.onion/d/FraudResources?p=11,2020-12-19 20:09:17.913121,2020-12-19 20:09:17.913121
331,1019,mushroommafia,http://dreadditevelidot.onion/d/mushroommafia,2020-12-19 20:09:17.929036,2020-12-19 20:09:17.929036
12,1019,Lean,http://dreadditevelidot.onion/d/Lean?p=6,2020-12-19 20:09:17.944552,2020-12-19 20:09:17.944552
15,1019,RaptureMarket,http://dreadditevelidot.onion/d/RaptureMarket,2020-12-19 20:09:17.948503,2020-12-19 20:09:17.948503
253,1019,danknationlotto,http://dreadditevelidot.onion/d/danknationlotto,2020-12-19 20:09:17.952407,2020-12-19 20:09:17.952407
322,1019,happyshopper,http://dreadditevelidot.onion/d/happyshopper?p=3,2020-12-19 20:09:17.956219,2020-12-19 20:09:17.956219
385,1019,USDK,http://dreadditevelidot.onion/d/USDK,2020-12-19 20:09:17.960455,2020-12-19 20:09:17.960455
1,1019,Dread,http://dreadditevelidot.onion/d/Dread,2020-12-19 20:09:17.980638,2020-12-19 20:09:17.980638
79,1019,NJUnderground,http://dreadditevelidot.onion/d/NJUnderground,2020-12-19 20:09:17.984686,2020-12-19 20:09:17.984686
83,1019,stims,http://dreadditevelidot.onion/d/stims?p=7,2020-12-19 20:09:17.988442,2020-12-19 20:09:17.988442
103,1019,Monero,http://dreadditevelidot.onion/d/Monero?p=29,2020-12-19 20:09:17.992453,2020-12-19 20:09:17.992453
104,1019,MephedroneCommunity,http://dreadditevelidot.onion/d/MephedroneCommunity?p=2,2020-12-19 20:09:17.996291,2020-12-19 20:09:17.996291
173,1019,Philosophy_Science,http://dreadditevelidot.onion/d/Philosophy_Science,2020-12-19 20:09:18.000175,2020-12-19 20:09:18.000175
177,1019,Piracy,http://dreadditevelidot.onion/d/Piracy,2020-12-19 20:09:18.003966,2020-12-19 20:09:18.003966
254,1019,DNMTurkey,http://dreadditevelidot.onion/d/DNMTurkey?p=7,2020-12-19 20:09:18.008028,2020-12-19 20:09:18.008028
323,1019,ApolloMarket,http://dreadditevelidot.onion/d/ApolloMarket,2020-12-19 20:09:18.01183,2020-12-19 20:09:18.01183
386,1019,marketannouncements,http://dreadditevelidot.onion/d/marketannouncements,2020-12-19 20:09:18.015749,2020-12-19 20:09:18.015749
160,1019,vapeislife,http://dreadditevelidot.onion/d/vapeislife,2020-12-19 20:09:18.023683,2020-12-19 20:09:18.023683
299,1019,MegaLinks,http://dreadditevelidot.onion/d/MegaLinks,2020-12-19 20:09:18.027488,2020-12-19 20:09:18.027488
324,1019,TheGrassCompany,http://dreadditevelidot.onion/d/TheGrassCompany,2020-12-19 20:09:18.031852,2020-12-19 20:09:18.031852
389,1019,DNMAsia,http://dreadditevelidot.onion/d/DNMAsia,2020-12-19 20:09:18.035754,2020-12-19 20:09:18.035754
165,1019,Agartha,http://dreadditevelidot.onion/d/Agartha?p=2,2020-12-19 20:09:18.043699,2020-12-19 20:09:18.043699
325,1019,Acestreams,http://dreadditevelidot.onion/d/Acestreams,2020-12-19 20:09:18.047633,2020-12-19 20:09:18.047633
390,1019,DankNetCooperative,http://dreadditevelidot.onion/d/DankNetCooperative,2020-12-19 20:09:18.05167,2020-12-19 20:09:18.05167
166,1019,MemoriesOfTheFuture,http://dreadditevelidot.onion/d/MemoriesOfTheFuture,2020-12-19 20:09:18.055914,2020-12-19 20:09:18.055914
301,1019,BlotterArt,http://dreadditevelidot.onion/d/BlotterArt,2020-12-19 20:09:18.064202,2020-12-19 20:09:18.064202
326,1019,DrugsReviews,http://dreadditevelidot.onion/d/DrugsReviews,2020-12-19 20:09:18.068394,2020-12-19 20:09:18.068394
391,1019,IllegallyHealed,http://dreadditevelidot.onion/d/IllegallyHealed,2020-12-19 20:09:18.076847,2020-12-19 20:09:18.076847
167,1019,memes,http://dreadditevelidot.onion/d/memes,2020-12-19 20:09:18.084154,2020-12-19 20:09:18.084154
304,1019,BlackArk,http://dreadditevelidot.onion/d/BlackArk,2020-12-19 20:09:18.087964,2020-12-19 20:09:18.087964
327,1019,Wochris,http://dreadditevelidot.onion/d/Wochris?p=3,2020-12-19 20:09:18.091915,2020-12-19 20:09:18.091915
392,1019,TheVendorBible,http://dreadditevelidot.onion/d/TheVendorBible,2020-12-19 20:09:18.095843,2020-12-19 20:09:18.095843
140,1019,DDSuperlist,http://dreadditevelidot.onion/d/DDSuperlist,2020-12-19 20:09:18.099796,2020-12-19 20:09:18.099796
168,1019,DarkNetMarkets2,http://dreadditevelidot.onion/d/DarkNetMarkets2,2020-12-19 20:09:18.107776,2020-12-19 20:09:18.107776
328,1019,SpeedBuster,http://dreadditevelidot.onion/d/SpeedBuster,2020-12-19 20:09:18.111678,2020-12-19 20:09:18.111678
393,1019,VendorShitList,http://dreadditevelidot.onion/d/VendorShitList,2020-12-19 20:09:18.115647,2020-12-19 20:09:18.115647
169,1019,VendorReviews,http://dreadditevelidot.onion/d/VendorReviews,2020-12-19 20:09:18.119396,2020-12-19 20:09:18.119396
306,1019,TheFamilyGuy,http://dreadditevelidot.onion/d/TheFamilyGuy,2020-12-19 20:09:18.127341,2020-12-19 20:09:18.127341
329,1019,CanadaHQ,http://dreadditevelidot.onion/d/CanadaHQ,2020-12-19 20:09:18.131444,2020-12-19 20:09:18.131444
394,1019,CannaCreations,http://dreadditevelidot.onion/d/CannaCreations,2020-12-19 20:09:18.135778,2020-12-19 20:09:18.135778
