intent,
access problems,
acid,
adderall,
ammo,
ask help,
bitcoin,
burglary,
buy weapons,
child abuse,
closed market,
cocaine,
corruption,
counterfeit money,
credit card,
darknet,
data theft,
ddos attack,
DDoS,
empire market,
espionage,
exploit,
fake IDs,
find vendor,
flame,
fraud,
gun,
hacking,
heroin,
hitman,
insults,
ketamine,
key theft,
kidnapping,
lsd,
marijuana,
weed,
thc,
ganja,
methamphetamine,
mdma,
murder,
new market,
order,
organ trafficking,
oxycodone,
password theft,
pedophilia,
pills,
rape,
scammer,
selling cloned cards,
religious extremism,
reviews market,
reviews vendor,
rivotril,
ticket support,
terrorism,
tor browser,
tracking id,
trafficking,
weapon,
xanax,
xtc,
closed markets,
proper names market,
cybercrime,
informatic attack,
racism,
moderator support,
pgp key,
botnet,
phishing,
abuse,
arrested,
prison,
samsara,
dread,
wallstreet,
mushrooms,
methadone,
fentanyl,
steroids,
opsec questions,
police,
berlusconi,
order confirmed,
order cancelled,
bad vendors,
good vendors,
crosspost,
wsm,
wsm vendor,
cryptonia market,
bunk bar,
mirror,
mirror link,
malicious link,
link,
event happened,
ransomware,
pgp encrypt,
pgp,
pgp signature